{
	"testing01": {   
		"course": "Testing the viewer",
		"courselevel": "Test level ",
		"level": "introduction",
		"videoinfo": "QmXyUYUGT6LmeFMoWsVCSVuCyPiMZtXdHtQbK48FyCHtuR",
		"duration": "124",
		"slides": "QmPwjkZSXAt9AEuKxeYcnjmuDreWsUoFfo8TebrATtyLNX",
		"contributer": "gerard",
		"subtitle": "this is only a test",
		"description": "This course-level is to test all the possiblities of the viewer",
		"goal": "testing",
		"start": "now",
		"image": "https://ipfs.io/ipfs/QmcKXFH1VVYUL7FjKZX6de31wgrNLk52DnK77e4FRwXVLR",
		"community":"https://koiosonline.slack.com",
		"communityinvite":"https://join.slack.com/t/koiosonline/shared_invite/enQtNjE0MjAyNzMyODY4LTFlYWIzODRkNTI2ZWExOWM0NGNmMjFjNTU1YzFmZGExOWUzY2EzYTg4NDMwNDVhOTBkMGU0MTFkNzJkN2I5MWM"                
	},
	"howtouse01": {
		"course": "How to use the KOIOS platform",
		"courselevel": "Introduction to KOIOS",
		"level": "introduction",
		"videoinfo": "Qmd25gC2DUDgzNDrPNyLUKDYH6higPhtxK86sfyJYLUyLR",
		"duration": "636",
		"slides": "QmUmFccDF5h4kouHpD5gRJA1jdux6Rm8LDTe92i59NHjzQ",
		"image": "https://ipfs.io/ipfs/QmYP1v6mchB9uJZvHtfi3hgbCrc8QHP1z6aB8FnR716kDR",
		"community":"https://koiosonline.slack.com",
		"communityinvite":"https://join.slack.com/t/koiosonline/shared_invite/enQtNjE0MjAyNzMyODY4LTFlYWIzODRkNTI2ZWExOWM0NGNmMjFjNTU1YzFmZGExOWUzY2EzYTg4NDMwNDVhOTBkMGU0MTFkNzJkN2I5MWM"
	},
	"tdfa01": {
		"course": "Trading Digital &amp; Financial Assets",
		"courselevel": "Trading Digital &amp; Financial Assets: Beginners",
		"level": "introduction",
		"contributer": "ricardo",
		"videoinfo": "QmfKuBS7N3QqBHzkXq5PHNAobzr6auHzqURXF15Utp2i2V",
		"duration": "16707",
		"slides": "QmRGWvHn3wksXEf2s8Cod3Kw9TWzDXb84MWAZEADPKwz3A",								
		"quizinfo": "QmXsnYGKXxrAKiZKQ6AHtiwJq19xQoav9ea5Fs6tmB7xtU",
		"image": "https://ipfs.io/ipfs/QmXG1pdYUovDFZ9jLQx4XqPhg1MYU6ghB1zyVT1jNutZYy",
		"community":"https://tdfaslack.slack.com",
		"communityinvite":"https://join.slack.com/t/tdfaslack/shared_invite/zt-f8ghb2gg-e8bUiNK~T1zU6vNvfseIdA"
	},
	"bclevel01": {
		"course": "Mastering Blockchain",
		"courselevel": "Blockchain Level 1",
		"level": "1",                
		"videoinfo": "QmT9vZ78djiZrQixsfTjWqDgbMZs7m6crrUj1hqgYLnY2E",
		"duration": "21333",			
		"slides":"QmU7k6AutkwJiyPKZCpZRYq238VY7TK6QwcpXHTp3LRRGN",
		"quizinfo": "QmVL4y6AQbyegHPFhQiVqZJxg3TiTSDyovRfnNnVvAH8Mf",
		"contributer": "jordi",
		"subtitle": "An extensive introduction to Blockchain Technology.",
		"description": "This introduction course will take you through the absolute basics of blockchain technology. After completion you will understand theimportance of blockchain technology and have a small grasp of how a blockchainworks. A course for everyone.",
		"goal": "Ledger technology / Bitcoin / Smart contracts",
		"start": "31-8-2020",
		"image": "https://ipfs.io/ipfs/QmcR3DR5wZWBUaJzpbkhV7Nspne1dJ75P4eHzXrtgbniRE",
		"community":"https://koiosblockcha-ma69869.slack.com",
		"communityinvite":"https://join.slack.com/t/koiosblockcha-ma69869/shared_invite/zt-glxugcib-ZJCMueimSPN3svG45gG0Xw"                
	},	
	"bclevel02": {
		"course": "Mastering Blockchain",
		"courselevel": "Blockchain Level 2",
		"level": "2",
		"videoinfo": "QmVS36BRyF68YNS46dQ9xM3MLRnD2vgM84iV8w1mspyAyJ",
		"duration": "11292",								
		"slides": "QmXa6GF9MLBtpeE1dGpwm3GWvMbFYNh5whaaZuYjvyzErP",
		"quizinfo": "Qmb1Vfh429KeYfFdxsiKsTXJsTk97z8U4PZJ7PENM9hrU4",
		"contributer": "jordi",
		"subtitle": "The second level. Let's dive in deeper.",
		"description": "After completing the introduction course, you are ready todive a bit deeper into the technology. You'll learn about different blockchainsand what makes them different from one another. You'll also get a deeperunderstanding of the bitcoin protocol.",
		"goal": "Bitcoin deep dive / Ethereum  Smart contracts",
		"start": "31-8-2020",
		"image": "https://ipfs.io/ipfs/QmYPt618XA9KHnLsfTwXPBsgvt8YJi8Tp4amysDUVCg1zn",
		"community":"https://koiosblockcha-ma69869.slack.com",
		"communityinvite":"https://join.slack.com/t/koiosblockcha-ma69869/shared_invite/zt-glxugcib-ZJCMueimSPN3svG45gG0Xw"                
	},    
	"bclevel03": {
		"course": "Mastering Blockchain",
		"courselevel": "Blockchain Level 3",
		"level": "3",
		"videoinfo": "QmNNR2C5GZRZijezBTocjwzkkCxpZRW6TEV23E8dvGfD7z",
		"duration": "30969",
		"slides": "QmNcvkvjyq4cDRB4CidU6EExfX5bYCsM9B9mMygwWVwXhi",
		"contributer": "jordi",
		"subtitle": "The intermediate level. This is where things get serious.",
		"description": "Welcome to the third part of the KOIOS Blockchain Technology course. This is the so called 'economic deep dive', where we will focus on economics in relation to Blockchain Technology.",
		"goal": "More advanced blockchain stuff",
		"image": "https://ipfs.io/ipfs/QmfAh2yJyHN9pPP93Sm58QrqSnVsw2MyVXQz6vCcgZRZzU",
		"community":"https://koiosblockcha-ma69869.slack.com",
		"communityinvite":"https://join.slack.com/t/koiosblockcha-ma69869/shared_invite/zt-glxugcib-ZJCMueimSPN3svG45gG0Xw"                
	},
	"datascience01": {
		"course": "Datascience & Python",
		"courselevel": "Introduction to Python",
		"level": "intermediate",
		"contributer": "Leon",
		"subtitle": "You are about to become a Python programmer.",
		"description": "Once you know python you can start data analytics",
		"goal": "TBA",
		"start": "Soon",
		"image": "https://ipfs.io/ipfs/Qmd6PcdyMEKdfeeeu1ELeqiCLGcifvh2FzAYuQ3VAhB6uE",
		"videoinfo": "QmQoQk5zLkWjhTW8kAQRkgx65i5he1cq4oESEd6XyGmaR3",
		"duration": "10464",
		"slides":	"QmZDDygn5qGus5wGfu7oskjVQP4JLrAL4sMbeg1HijmUQu",
		"community":"https://koiosdatasience.slack.com",
		"communityinvite":"https://join.slack.com/t/koiosdatasience/shared_invite/zt-h6t0m2hf-uO1YN1wsLL3durcWs6zlxQ"                
	},
	"security01": {
		"course": "Security Essentials",
		"courselevel": "Security Essentials 1",
		"level": "intermediate",
		"contributer": "Wicky",
		"subtitle": "",
		"description": "",
		"goal": "TBA",
		"start": "Soon",
		"image": "https://ipfs.io/ipfs/QmVrj8SJC6YKdb6X6g4tdUVzT6x9oRMenr6Rv2s1TLPDcX",
        "videoinfo": "QmXsW86Hr9Y1R9s6NwdkKACraaAxxdwCzMVkYMddaNsLtQ",
        "duration": "10425",
		"slides": "QmagLJr432F86K6YEy4yzWHb499cdsyAyyE1jrVn1ctHvN",				
		"quizinfo": "QmSYWwA3Arn4rm7vQYBTYpCTx3CiM84ipg9BozNyES8tCv",
		"community":"https://koiosonline.slack.com",
		"communityinvite":"https://join.slack.com/t/koiosonline/shared_invite/enQtNjE0MjAyNzMyODY4LTFlYWIzODRkNTI2ZWExOWM0NGNmMjFjNTU1YzFmZGExOWUzY2EzYTg4NDMwNDVhOTBkMGU0MTFkNzJkN2I5MWM"                
	}    			
}
