[{"name":"Contract","desc":"Contract","cid":"QmZFHCzVhMHZLPkpLBRygHhaarkahAeGFotDfChGhpjXE7","managerid":0,"SelfMint":false,"SelfBurn":false,"AllowTransfer":false},{"name":"Admin","desc":"General administrator","cid":"QmPoiLrJdQ42WuyP195Yxdn27z5FJUcZvmxidfhGuDcFxs","managerid":0,"SelfMint":false,"SelfBurn":false,"AllowTransfer":false},{"name":"coursecreator","desc":"Creat","cid":"QmRMBBixJuCfdhBothibxjnEeYDkKFXcWtA1oUBp4ryX6K","managerid":1,"SelfMint":false,"SelfBurn":false,"AllowTransfer":false},{"name":"Teacher-tdfa01","cid":"QmcaV9ZnqfGLQtWUGmbrdz6zjYdRhuKvHTmygVcggfqcRi","managerid":2,"SelfMint":false,"SelfBurn":true,"AllowTransfer":false},{"name":"Student-tdfa01","cid":"QmUyVNEMkdu9EkGqvV3AZWCaJWXZ7rvYebN98nVRpky7zV","managerid":3,"SelfMint":true,"SelfBurn":true,"AllowTransfer":false},{"name":"Networked-tdfa01","cid":"QmNn3vcGsFUijqgbf1rciFUfXqtq7xU4whYqQz8zgohfv8","managerid":3,"SelfMint":false,"SelfBurn":true,"AllowTransfer":false},{"name":"Notestaken-tdfa01","cid":"QmYYvciFeERhseadnCsnPB976subRYm7QmDHF87Paj3ts3","managerid":3,"SelfMint":false,"SelfBurn":true,"AllowTransfer":false},{"name":"Questionsasked-tdfa01","cid":"QmdsRQPRLtgTWnokiLgdbHuE9Hy1hPjzMRe9n3BM75dBJd","managerid":3,"SelfMint":false,"SelfBurn":true,"AllowTransfer":false},{"name":"Coursecompleted-tdfa01","cid":"QmZm9keaJCgRUPADfxgECbcBgkRu7tHUXRzM8cppWu4J79","managerid":3,"SelfMint":false,"SelfBurn":true,"AllowTransfer":false},{"name":"Knowledgetransfered-tdfa01","cid":"QmQXFVL8pZ9GHgEmTTnVZBtZyaZroLZfNUtzaCmjHppUJ8","managerid":3,"SelfMint":false,"SelfBurn":true,"AllowTransfer":false},{"name":"Videowatched-tdfa01","cid":"QmNUNjpBiyEQfQfaDewUEhsu7E3JwNL22iAJtfcD2qeouW","managerid":3,"SelfMint":false,"SelfBurn":true,"AllowTransfer":false},{"name":"Teacher-bclevel01","desc":"This introduction course will take you through the absolute basics of blockchain technology. After completion you will understand theimportance of blockchain technology and have a small grasp of how a blockchainworks. A course for everyone.","cid":"QmS45KaQbRhBSgFYkKG8EiW5B3JDebKu3v2ootaiNNAGpd","managerid":2,"SelfMint":false,"SelfBurn":true,"AllowTransfer":false},{"name":"Student-bclevel01","desc":"This introduction course will take you through the absolute basics of blockchain technology. After completion you will understand theimportance of blockchain technology and have a small grasp of how a blockchainworks. A course for everyone.","cid":"QmRikwfepqLGLqFa7aSrrzkqjPBL8ggi2KEhrxY15e68xQ","managerid":11,"SelfMint":true,"SelfBurn":true,"AllowTransfer":false},{"name":"Networked-bclevel01","desc":"This introduction course will take you through the absolute basics of blockchain technology. After completion you will understand theimportance of blockchain technology and have a small grasp of how a blockchainworks. A course for everyone.","cid":"QmeCFrxWeJtXJZsJbmCjzPxG3cvxFx3sDPkxfupimP1QHL","managerid":11,"SelfMint":false,"SelfBurn":true,"AllowTransfer":false},{"name":"Notestaken-bclevel01","desc":"This introduction course will take you through the absolute basics of blockchain technology. After completion you will understand theimportance of blockchain technology and have a small grasp of how a blockchainworks. A course for everyone.","cid":"QmUzrMqfeh8FVHZTrdm2iZZq3nPBRnp2jVs54B2SYDjn7z","managerid":11,"SelfMint":false,"SelfBurn":true,"AllowTransfer":false},{"name":"Questionsasked-bclevel01","desc":"This introduction course will take you through the absolute basics of blockchain technology. After completion you will understand theimportance of blockchain technology and have a small grasp of how a blockchainworks. A course for everyone.","cid":"QmPsWwFQJPPQoGGqGtxvSd2ivPjANu7Lz1xECihb1dLAAM","managerid":11,"SelfMint":false,"SelfBurn":true,"AllowTransfer":false},{"name":"Coursecompleted-bclevel01","desc":"This introduction course will take you through the absolute basics of blockchain technology. After completion you will understand theimportance of blockchain technology and have a small grasp of how a blockchainworks. A course for everyone.","cid":"QmYR2ZRTpKQb1T99tjLYhZ19UwSv26XCkqoDVdDhQHVnRD","managerid":11,"SelfMint":false,"SelfBurn":true,"AllowTransfer":false},{"name":"Knowledgetransfered-bclevel01","desc":"This introduction course will take you through the absolute basics of blockchain technology. After completion you will understand theimportance of blockchain technology and have a small grasp of how a blockchainworks. A course for everyone.","cid":"QmX9P9VzQxRdTAqosegGnULvwu9ZoYxEN2Samnfj5UXUWe","managerid":11,"SelfMint":false,"SelfBurn":true,"AllowTransfer":false},{"name":"Videowatched-bclevel01","desc":"This introduction course will take you through the absolute basics of blockchain technology. After completion you will understand theimportance of blockchain technology and have a small grasp of how a blockchainworks. A course for everyone.","cid":"QmVSFRFMGwf4F2obDuqfjCsyysiK8i5gwRRFbPdSxbZVAT","managerid":11,"SelfMint":false,"SelfBurn":true,"AllowTransfer":false},{"name":"Teacher-bclevel02","desc":"After completing the introduction course, you are ready todive a bit deeper into the technology. You'll learn about different blockchainsand what makes them different from one another. You'll also get a deeperunderstanding of the bitcoin protocol.","cid":"QmfMNjMZrZTQFM1nSjm2NRE7b5gfaTP9WmS1EYwW667pC5","managerid":2,"SelfMint":false,"SelfBurn":true,"AllowTransfer":false},{"name":"Student-bclevel02","desc":"After completing the introduction course, you are ready todive a bit deeper into the technology. You'll learn about different blockchainsand what makes them different from one another. You'll also get a deeperunderstanding of the bitcoin protocol.","cid":"QmaMDLbxVxuhE9TeQf9hv67cvT2nUCs3kseRtgvW6U2tWY","managerid":19,"SelfMint":true,"SelfBurn":true,"AllowTransfer":false},{"name":"Networked-bclevel02","desc":"After completing the introduction course, you are ready todive a bit deeper into the technology. You'll learn about different blockchainsand what makes them different from one another. You'll also get a deeperunderstanding of the bitcoin protocol.","cid":"QmUUpFTFrrhuQiG21m2T1jgkvPgb7CNdANJdD2oPQVVsRh","managerid":19,"SelfMint":false,"SelfBurn":true,"AllowTransfer":false},{"name":"Notestaken-bclevel02","desc":"After completing the introduction course, you are ready todive a bit deeper into the technology. You'll learn about different blockchainsand what makes them different from one another. You'll also get a deeperunderstanding of the bitcoin protocol.","cid":"QmX5tJ2kwfkEpCRpAJmUseogevP87RyyMw5j1tgmpgGnag","managerid":19,"SelfMint":false,"SelfBurn":true,"AllowTransfer":false},{"name":"Questionsasked-bclevel02","desc":"After completing the introduction course, you are ready todive a bit deeper into the technology. You'll learn about different blockchainsand what makes them different from one another. You'll also get a deeperunderstanding of the bitcoin protocol.","cid":"QmZjCBH3eLTELLjeRPaiXRB457a5Mio4yKhWSe9F4P18Z9","managerid":19,"SelfMint":false,"SelfBurn":true,"AllowTransfer":false},{"name":"Coursecompleted-bclevel02","desc":"After completing the introduction course, you are ready todive a bit deeper into the technology. You'll learn about different blockchainsand what makes them different from one another. You'll also get a deeperunderstanding of the bitcoin protocol.","cid":"QmPCX6UptDVQvEftday7WzapLpDH2fwh5JmHFdULK9aBCP","managerid":19,"SelfMint":false,"SelfBurn":true,"AllowTransfer":false},{"name":"Knowledgetransfered-bclevel02","desc":"After completing the introduction course, you are ready todive a bit deeper into the technology. You'll learn about different blockchainsand what makes them different from one another. You'll also get a deeperunderstanding of the bitcoin protocol.","cid":"QmYZ89Kc5kLS7EHMRLMqrtozGZRqV4QCkcLFGz7CoZJGZA","managerid":19,"SelfMint":false,"SelfBurn":true,"AllowTransfer":false},{"name":"Videowatched-bclevel02","desc":"After completing the introduction course, you are ready todive a bit deeper into the technology. You'll learn about different blockchainsand what makes them different from one another. You'll also get a deeperunderstanding of the bitcoin protocol.","cid":"Qmc8oHKqjunKdhPC3cTKNEBxwMzMMr66ZeRFZHhusMpYoR","managerid":19,"SelfMint":false,"SelfBurn":true,"AllowTransfer":false},{"name":"Teacher-bclevel03","desc":"Welcome to the third part of the KOIOS Blockchain Technology course. This is the so called 'economic deep dive', where we will focus on economics in relation to Blockchain Technology.","cid":"QmTUHVyTzfybPuLqxWu8eYwotxZZQEKN3u8ZoeDu6aqhkf","managerid":2,"SelfMint":false,"SelfBurn":true,"AllowTransfer":false},{"name":"Student-bclevel03","desc":"Welcome to the third part of the KOIOS Blockchain Technology course. This is the so called 'economic deep dive', where we will focus on economics in relation to Blockchain Technology.","cid":"QmYAQUZPReeF3wT72KZaypa9NxTRqzxNpyV77m32Y3pMDG","managerid":27,"SelfMint":true,"SelfBurn":true,"AllowTransfer":false},{"name":"Networked-bclevel03","desc":"Welcome to the third part of the KOIOS Blockchain Technology course. This is the so called 'economic deep dive', where we will focus on economics in relation to Blockchain Technology.","cid":"QmWCdHXhzVjbiNCpPBENy7ysx1Gkg39EruiqXHT1vYHmwQ","managerid":27,"SelfMint":false,"SelfBurn":true,"AllowTransfer":false},{"name":"Notestaken-bclevel03","desc":"Welcome to the third part of the KOIOS Blockchain Technology course. This is the so called 'economic deep dive', where we will focus on economics in relation to Blockchain Technology.","cid":"QmZdmXrcanCgyPQuNDG9kSAgQzZ7YAzecbZ9g2kqYNBV3S","managerid":27,"SelfMint":false,"SelfBurn":true,"AllowTransfer":false},{"name":"Questionsasked-bclevel03","desc":"Welcome to the third part of the KOIOS Blockchain Technology course. This is the so called 'economic deep dive', where we will focus on economics in relation to Blockchain Technology.","cid":"QmdLW3S758Niy7EParEykQuNYCmpqXcgHzUxiQ32rVEtny","managerid":27,"SelfMint":false,"SelfBurn":true,"AllowTransfer":false},{"name":"Coursecompleted-bclevel03","desc":"Welcome to the third part of the KOIOS Blockchain Technology course. This is the so called 'economic deep dive', where we will focus on economics in relation to Blockchain Technology.","cid":"QmYeqWzausPmrDvbTKgZCCWmAuumB7137asKCfJDFsHV2L","managerid":27,"SelfMint":false,"SelfBurn":true,"AllowTransfer":false},{"name":"Knowledgetransfered-bclevel03","desc":"Welcome to the third part of the KOIOS Blockchain Technology course. This is the so called 'economic deep dive', where we will focus on economics in relation to Blockchain Technology.","cid":"QmPEReUMQqfFWz7hTciV4y3mCMXWWvK2Nf2Hy1juMwfsSC","managerid":27,"SelfMint":false,"SelfBurn":true,"AllowTransfer":false},{"name":"Videowatched-bclevel03","desc":"Welcome to the third part of the KOIOS Blockchain Technology course. This is the so called 'economic deep dive', where we will focus on economics in relation to Blockchain Technology.","cid":"QmfNuNtERKnV5CKUUc4AU2gFrHeBL8LyHBcLrgFGSSWpsG","managerid":27,"SelfMint":false,"SelfBurn":true,"AllowTransfer":false},{"name":"Teacher-datascience01","desc":"Once you know python you can start data analytics","cid":"QmP5U9j9tqAbbVin1Awdmx9azV8zU1omd314RnUZZqc556","managerid":2,"SelfMint":false,"SelfBurn":true,"AllowTransfer":false},{"name":"Student-datascience01","desc":"Once you know python you can start data analytics","cid":"QmacMEpNtQ4e45rVpnK7KLB3vxxDfBnLUAQu2ad2i7CvYX","managerid":35,"SelfMint":true,"SelfBurn":true,"AllowTransfer":false},{"name":"Networked-datascience01","desc":"Once you know python you can start data analytics","cid":"QmPwakAWXVFcEgU621Grf3hdFQ5Exz4NCRu4RWk3EzBXdB","managerid":35,"SelfMint":false,"SelfBurn":true,"AllowTransfer":false},{"name":"Notestaken-datascience01","desc":"Once you know python you can start data analytics","cid":"QmaHCVNyRUrCCBNjF2piYQK7GehMdtCD4SZEP9TkdWNmPt","managerid":35,"SelfMint":false,"SelfBurn":true,"AllowTransfer":false},{"name":"Questionsasked-datascience01","desc":"Once you know python you can start data analytics","cid":"QmNvtDKde92c4Gm4KGWrkhSx5e49u6sSZsssqJcByeCrk6","managerid":35,"SelfMint":false,"SelfBurn":true,"AllowTransfer":false},{"name":"Coursecompleted-datascience01","desc":"Once you know python you can start data analytics","cid":"QmW4ewwv4TDCH5LGWMMEPM1ti6n9qK2WKbwQdJE6qBKBnv","managerid":35,"SelfMint":false,"SelfBurn":true,"AllowTransfer":false},{"name":"Knowledgetransfered-datascience01","desc":"Once you know python you can start data analytics","cid":"QmS57FPcrf5XrnfrcjGwBQysLXNXnqHtMHvELcHqpsH9sx","managerid":35,"SelfMint":false,"SelfBurn":true,"AllowTransfer":false},{"name":"Videowatched-datascience01","desc":"Once you know python you can start data analytics","cid":"Qmc6EgaDhjSJ83bPNyEr3xnhrMmCBx72LjusFFbx19F4xK","managerid":35,"SelfMint":false,"SelfBurn":true,"AllowTransfer":false},{"name":"Teacher-security01","desc":"","cid":"QmQK1nXv1xAh7etRGuQt2kwL14qYx7AtKCbMmLcNaBzmVw","managerid":2,"SelfMint":false,"SelfBurn":true,"AllowTransfer":false},{"name":"Student-security01","desc":"","cid":"QmPVAzwjBJSNjMHoA5UdKQQEsT2Do2fQvdjisVwDAruMHx","managerid":43,"SelfMint":true,"SelfBurn":true,"AllowTransfer":false},{"name":"Networked-security01","desc":"","cid":"QmNMpCKSUv5boroNjQVBz3XCdhhLsCuih99FBrzTAdKGta","managerid":43,"SelfMint":false,"SelfBurn":true,"AllowTransfer":false},{"name":"Notestaken-security01","desc":"","cid":"QmZne7V7ktggkovV3Q3PomLCjo8ZNkiH5uaviNf4zkHnBQ","managerid":43,"SelfMint":false,"SelfBurn":true,"AllowTransfer":false},{"name":"Questionsasked-security01","desc":"","cid":"QmQU2FMAmfNb8kcneXfdcTrm243WCHF7qjMWf74w3DkEhs","managerid":43,"SelfMint":false,"SelfBurn":true,"AllowTransfer":false},{"name":"Coursecompleted-security01","desc":"","cid":"QmQtse4yHvHQswtXtCBzVXDprywZ5r7cTWz96N4R2fZtEP","managerid":43,"SelfMint":false,"SelfBurn":true,"AllowTransfer":false},{"name":"Knowledgetransfered-security01","desc":"","cid":"QmXDPEUJdSY44xsBi31yGoC5EUPtiYgK5zAhBbgXMueQSy","managerid":43,"SelfMint":false,"SelfBurn":true,"AllowTransfer":false},{"name":"Videowatched-security01","desc":"","cid":"QmaMxrWn8hU2vsknSTyX1boiQBvguyXRfrFbsadHrr4NhM","managerid":43,"SelfMint":false,"SelfBurn":true,"AllowTransfer":false}]