[ 
   { "type": "Ontwerp","outcome": "Performance Management", "description": "(eenvoudig) Beslismodel met daarin opgenomen een beperkt aantal te sturen variabelen"},
 { "type": "Ontwerp","outcome": "Finance, Operations, Reporting", "description": "Administratief systeem"},
 { "type": "Handeling","outcome": "Professioneel vakmanschap", "description": "Adviesgesprek"},
 { "type": "Handeling","outcome": "Finance, Operations, Reporting", "description": "Analyse en beoordelen van ondernemingsprestaties aan de hand van bijvoorbeeld masterbudget, forecasts, geconstateerde trends of peers"},
 { "type": "Ontwerp","outcome": "Governance, Risk, Compliance", "description": "Auditrapportage"},
 { "type": "Advies","outcome": "Finance, Operations, Reporting", "description": "Bedrijfswaardering"},
 { "type": "Ontwerp","outcome": "Finance, Operations, Reporting", "description": "Bedrijfswaardering"},
 { "type": "Onderzoek","outcome": "Strategic Management", "description": "Benchmarkonderzoek"},
 { "type": "Handeling","outcome": "Professioneel vakmanschap", "description": "Beoordelingsgesprek"},
 { "type": "Advies","outcome": "Performance Management", "description": "Business canvas model"},
 { "type": "Ontwerp","outcome": "Performance Management", "description": "Bussiness balanced scorecard"},
 { "type": "Ontwerp","outcome": "Performance Management", "description": "Dashboard"},
 { "type": "Onderzoek","outcome": "Performance Management", "description": "Datamining (gericht en methodisch zoeken in geautomatiseerde systemen naar gegevens en deze omzetten naar  informatie)"},
 { "type": "Onderzoek","outcome": "Strategic Management", "description": "DESTEP analyse (analyse om de macro omgeving in kaart te brengen"},
 { "type": "Handeling","outcome": "Performance Management", "description": "Financiële Bedrijfsanalyse"},
 { "type": "Advies","outcome": "Strategic Management", "description": "Financiële onderbouwing in het geval van keuzemogelijkheden "},
 { "type": "Ontwerp","outcome": "Finance, Operations, Reporting", "description": "Financieringsaanvraag"},
 { "type": "Ontwerp","outcome": "Strategic Management", "description": "Forecast"},
 { "type": "Ontwerp","outcome": "Performance Management", "description": "Functioneel ontwerp"},
 { "type": "Onderzoek","outcome": "Performance Management", "description": "Gebruik en mogelijkheden van analysetools"},
 { "type": "Onderzoek","outcome": "Performance Management", "description": "Gebruik financiële instrumenten in concrete context dan wel in de markt"},
 { "type": "Onderzoek","outcome": "Performance Management", "description": "Gebruik van algemeen geaccepteerde methoden en technieken"},
 { "type": "Onderzoek","outcome": "Performance Management", "description": "Gebruik van rapportagemodellen en inrichting van processen om te komen tot efficiënte en effectieve wijzen van rapporteren"},
 { "type": "Advies","outcome": "Finance, Operations, Reporting", "description": "Gestructureerde (financiële) overzichten als onderbouwing van een advies"},
 { "type": "Handeling","outcome": "Finance, Operations, Reporting", "description": "Het verwerken van informatie in het kader van besluitvorming"},
 { "type": "Ontwerp","outcome": "Strategic Management", "description": "Informatieplan"},
 { "type": "Ontwerp","outcome": "Finance, Operations, Reporting", "description": "Inrichting financiële forecasts (kasstroomoverzichten)"},
 { "type": "Advies","outcome": "Performance Management", "description": "Inrichting over management control cyclus (bijvoorbeeld in de vorm van een Balanced Scorecard dan wel een Masterbudget) "},
 { "type": "Advies","outcome": "Finance, Operations, Reporting", "description": "Inrichting primaire processen"},
 { "type": "Advies","outcome": "Finance, Operations, Reporting", "description": "Inrichting rapportages"},
 { "type": "Advies","outcome": "Finance, Operations, Reporting", "description": "Inrichting treasury functie"},
 { "type": "Advies","outcome": "Finance, Operations, Reporting", "description": "Inrichting van administratieve processen"},
 { "type": "Advies","outcome": "Governance, Risk, Compliance", "description": "Inrichting van het risicobeheersingsproces"},
 { "type": "Advies","outcome": "Finance, Operations, Reporting", "description": "Investeringsanalyse"},
 { "type": "Handeling","outcome": "Finance, Operations, Reporting", "description": "Investeringsanalyse"},
 { "type": "Ontwerp","outcome": "Finance, Operations, Reporting", "description": "Investeringsvoorstel"},
 { "type": "Advies","outcome": "Governance, Risk, Compliance", "description": "Inzet financiële instrumenten (Financiering  en beheersing risico)"},
 { "type": "Handeling","outcome": "Finance, Operations, Reporting", "description": "Inzetten van algemeen geaccepteerde methoden en technieken om  administratieve/primaire processen te beoordelen gericht op  verbetering van inrichting van de processen"},
 { "type": "Ontwerp","outcome": "Finance, Operations, Reporting", "description": "Jaarrekening (financieel dan wel integrated)"},
 { "type": "Advies","outcome": "Governance, Risk, Compliance", "description": "Kredietrisicobeheer"},
 { "type": "Ontwerp","outcome": "Finance, Operations, Reporting", "description": "Managementrapportages"},
 { "type": "Ontwerp","outcome": "Finance, Operations, Reporting", "description": "Masterbudget"},
 { "type": "Onderzoek","outcome": "Strategic Management", "description": "Onderzoek gebruik en inrichting forecast. "},
 { "type": "Onderzoek","outcome": "Governance, Risk, Compliance", "description": "Onderzoek naar optimalisering van de inrichting risicomanagement- systemen"},
 { "type": "Handeling","outcome": "Performance Management", "description": "Ontwerpen van de inrichting  van een management control cyclus,"},
 { "type": "Handeling","outcome": "Performance Management", "description": "Ontwerpen van een rapportagestructuur, "},
 { "type": "Ontwerp","outcome": "Performance Management", "description": "Ontwerpvoorstel  logistiek systeem"},
 { "type": "Ontwerp","outcome": "Performance Management", "description": "Organisatieontwerp"},
 { "type": "Ontwerp","outcome": "Finance, Operations, Reporting", "description": "Periodieke rapportages"},
 { "type": "Advies","outcome": "Finance, Operations, Reporting", "description": "Proces totstandkoming van rapportages"},
 { "type": "Ontwerp","outcome": "Governance, Risk, Compliance", "description": "Proceshandboek"},
 { "type": "Ontwerp","outcome": "Performance Management", "description": "Rapportage uitgevoerd ERM (Enterprise Risk Management)"},
 { "type": "Advies","outcome": "Governance, Risk, Compliance", "description": "Renterisicobeheer"},
 { "type": "Advies","outcome": "Performance Management", "description": "Scenario analyse"},
 { "type": "Onderzoek","outcome": "Performance Management", "description": "Stakeholderanalyse, "},
 { "type": "Ontwerp","outcome": "Strategic Management", "description": "Strategy map"},
 { "type": "Onderzoek","outcome": "Strategic Management", "description": "SWOT/TOWS analyse,"},
 { "type": "Handeling","outcome": "Finance, Operations, Reporting", "description": "Uitvoeren van audit"},
 { "type": "Handeling","outcome": "Governance, Risk, Compliance", "description": "Uitvoeren van een risicoanalyse aan de hand van een model (ERM), "},
 { "type": "Advies","outcome": "Performance Management", "description": "Value chain analyse"},
 { "type": "Advies","outcome": "Governance, Risk, Compliance", "description": "Valutarisicobeheer"},
 { "type": "Handeling","outcome": "Finance, Operations, Reporting", "description": "Verwerken en analyseren van gegevens in het kader van rapportering Correctieve journaalposten"},
 { "type": "Handeling","outcome": "Finance, Operations, Reporting", "description": "Verwerken van gegevens in  systemen,"},
 { "type": "Handeling","outcome": "Finance, Operations, Reporting", "description": "Voeren van een  administratie"},
 { "type": "Handeling","outcome": "Finance, Operations, Reporting", "description": "Werkapitaalanalyse"}


]