{
    "area":    
    [
        "financial",        
        "computer science"
    ],
    "typeofjob":
        [
            "side job",
            "internship",
            "graduation project"
        ],
    "location": [
        "remote",
        "Drenthe",
        "Flevoland",
        "Friesland",
        "Gelderland",
        "Groningen",
        "Limburg",
        "North Brabant",
        "North Holland",
        "Overijssel",
        "South Holland",
        "Utrecht",
        "Zeeland",
        "Europe",
        "Asia",
        "Australia",
        "North America",
        "South America"
        ],
    "time": [
        "1-10 hours/week",
        "11-20 hours/week",
        "20+ hours/week",
        "1-5 weeks",
        "6-10 weeks",
        "10-20 weeks"    
    ],
    "compensation": [
        "none",
        "<=500 euro",
        "500-1000 euro",
        "1000+ euro"
    ],
    "startmoment": [
        "a.s.a.p.",
        "january",
        "februari",
        "march",
        "april",
        "may",
        "june",
        "july",
        "august",
        "september",
        "october",
        "november",
        "december",
        "Q1",
        "Q2",
        "Q3",
        "Q4"
     ],
     "duration": [
         "<= 1 week",
         "1 week.. 1 month",
         "1-2 months",
         "2-4 monts",
         "4+ months"
     ],
     "sdg":
     [
        "sdg1: No Poverty",
        "sdg2: Zero Hunger",
        "sdg3: Good Health and Well-being",
        "sdg4: Quality Education",
        "sdg5: Gender Equality",
        "sdg6: Clean Water and Sanitation",
        "sdg7: Affordable and Clean Energy",
        "sdg8: Decent Work and Economic Growth",
        "sdg9: Industry, Innovation and Infrastructure",
        "sdg10: Reduced Inequality",
        "sdg11: Sustainable Cities and Communities",
        "sdg12: Responsible Consumption and Production",
        "sdg13: Climate Action",
        "sdg14: Life Below Water",
        "sdg15: Life on Land",
        "sdg16: Peace and Justice Strong Institutions",
        "sdg17: Partnerships to achieve the Goal"
    ]
}


