[{"image":"https://ipfs.io/ipfs/QmcKXFH1VVYUL7FjKZX6de31wgrNLk52DnK77e4FRwXVLR","courseid":"testing01"},{"image":"https://ipfs.io/ipfs/QmYP1v6mchB9uJZvHtfi3hgbCrc8QHP1z6aB8FnR716kDR","courseid":"howtouse01"},{"image":"https://ipfs.io/ipfs/QmXG1pdYUovDFZ9jLQx4XqPhg1MYU6ghB1zyVT1jNutZYy","courseid":"tdfa01"},{"image":"https://ipfs.io/ipfs/QmcR3DR5wZWBUaJzpbkhV7Nspne1dJ75P4eHzXrtgbniRE","courseid":"bclevel01"},{"image":"https://ipfs.io/ipfs/QmYPt618XA9KHnLsfTwXPBsgvt8YJi8Tp4amysDUVCg1zn","courseid":"bclevel02"},{"image":"https://ipfs.io/ipfs/QmfAh2yJyHN9pPP93Sm58QrqSnVsw2MyVXQz6vCcgZRZzU","courseid":"bclevel03"},{"image":"https://ipfs.io/ipfs/Qmd6PcdyMEKdfeeeu1ELeqiCLGcifvh2FzAYuQ3VAhB6uE","courseid":"datascience01"},{"image":"https://ipfs.io/ipfs/QmVrj8SJC6YKdb6X6g4tdUVzT6x9oRMenr6Rv2s1TLPDcX","courseid":"security01"}]