[
	{
		"chapter": "8K",
		"title": "Word test",
		"cid": "QmP2ba1tvbEjynv2SRPEeCdJFaGwWgiWPcBjpjZ1MHUdhL"
	},
	{
		"chapter": "8K",
		"title": "Powerpoint test",
		"cid": "QmdCHGVGLsZe8ZAh2XNEa4gLGusdf1PhBzKrnFd2MZphqR"
	},
	{
		"chapter": "8K",
		"title": "PDF test",
		"pdf": "https://cyber.harvard.edu/works/lessig/finalhls.pdf"
	},
	{
		"chapter": "8K",
		"title": "Wikipedia test",
		"url": "https://en.wikipedia.org/wiki/Heraclitus"
	},
	{
		"chapter": "8k",
		"title": " test",
		"url": "https://www.wired.co.uk/article/yuval-noah-harari-extract-21-lessons-for-the-21st-century"
	},
	{
		"chapter": "8K",
		"title": " test",
		"url": "https://www.blinkist.com/magazine/posts/read-seven-habits-highly-effective-people-3-minutes"
	},
	{
		"chapter": "8K",
		"title": " Slideshare test",
		"url": "https://www.slideshare.net/RicardoViniciusPerei/innonative-funnel-for-developmant-of-new-additives-for-peletizing-processes"
	},
	{
		"chapter": "8K",
		"title": "Podcast test Brett_Steenbarger",
		"url": "https://chatwithtraders.com/ep-065-brett-steenbarger/"
	},
	{
		"chapter": "8K",
		"title": "Podcast test Brett_Steenbarger (basic)",
		"url": "https://traffic.libsyn.com/secure/force-cdn/highwinds/chatwithtraders/065__Brett_Steenbarger__How_to_master_trading_psychology_and_introduce_new_best_practises.mp3"
	},
	{
		"chapter": "8K",
		"title": "Podcast test Cathie Wood",
		"url": "https://dcs.megaphone.fm/OTC7423543817.mp3"
	},
	{
		"chapter": "8K",
		"title": "Podcast test Cathie Wood (basic)",
		"url": "https://podcasts.apple.com/us/podcast/271-cathie-wood-explains-why-innovation-thrives-during/id1434060078?i=1000471654285"
	},
	{
		"chapter": "8K",
		"title": "Jupyter notebook",
		"url": "http://localhost:8888/tree"
	},
    {
		"chapter": "8K",
		"title": "NBViewer",
		"url": " https://nbviewer.jupyter.org/"
	},

	{
		"chapter": "8K",
		"title": "Fin",
		"url": "https://www.koyfin.com/fa/fa.is/TSLA"
	},
	{
		"chapter": "8K",
		"title": "Tradingview widget",
		"url": "https://ipfs.io/ipfs/QmVYAGk7X8mPLHwUhGjR8ruRmcq7UUEqm1T9FUs8PaAHnM"
	}
    
   
    
]
